{
  "eye": {
    "orientation": [
      -0.25501155853271484,
      0.26819103956222534,
      -0.558954656124115,
      0.7420325875282288
    ],
    "magnitude": 0.5773502588272095,
    "position": [
      146.7339324951172,
      -55.368186950683594,
      115.65348815917969
    ]
  },
  "paths": [],
  "ortho": false,
  "radius": 90,
  "visualHints": 0
}