{
  "eye": {
    "orientation": [
      -0.28984737396240234,
      0.025959381833672523,
      -0.002954459749162197,
      0.9567162394523621
    ],
    "magnitude": 0.5773502588272095,
    "position": [
      9.247823715209961,
      100.22396850585938,
      149.23008728027344
    ]
  },
  "paths": [],
  "ortho": false,
  "radius": 90,
  "visualHints": 2
}