{
  "eye": {
    "orientation": [
      -0.22706615924835205,
      0.45286282896995544,
      -0.8354926109313965,
      0.21285754442214966
    ],
    "magnitude": 0.5773502588272095,
    "position": [
      103.50255584716797,
      -118.07172393798828,
      88.0134506225586
    ]
  },
  "paths": [],
  "ortho": false,
  "radius": 90,
  "visualHints": 2
}