{
  "eye": {
    "orientation": [
      -0.24236758053302765,
      0.3706386983394623,
      -0.8230633735656738,
      0.3556004762649536
    ],
    "magnitude": 0.5773502588272095,
    "position": [
      147.5724334716797,
      -96.88379669189453,
      131.9856719970703
    ]
  },
  "paths": [],
  "ortho": false,
  "radius": 90,
  "visualHints": 0
}