{
  "eye": {
    "orientation": [
      -0.004674028605222702,
      0.4967213273048401,
      -0.8678962588310242,
      0.001476671895943582
    ],
    "magnitude": 0.5773502588272095,
    "position": [
      1.7500648498535156,
      -155.2666473388672,
      91.0447769165039
    ]
  },
  "paths": [],
  "ortho": false,
  "radius": 90,
  "visualHints": 0
}