{
  "eye": {
    "orientation": [
      -0.026312263682484627,
      0.30198416113853455,
      -0.9436840415000916,
      0.1325656622648239
    ],
    "magnitude": 0.5773502588272095,
    "position": [
      27.078962326049805,
      -98.14791107177734,
      148.4351806640625
    ]
  },
  "paths": [],
  "ortho": false,
  "radius": 90,
  "visualHints": 6
}