{
  "eye": {
    "orientation": [
      0.17843937873840332,
      0.42518168687820435,
      -0.8791154623031616,
      0.12056513130664825
    ],
    "magnitude": 0.5773502588272095,
    "position": [
      -29.23365020751953,
      -168.84112548828125,
      70.0285873413086
    ]
  },
  "paths": [],
  "ortho": false,
  "radius": 90,
  "visualHints": 2
}