{
  "eye": {
    "orientation": [
      -0.28619593381881714,
      -0.09329047799110413,
      0.013988236896693707,
      0.9535161852836609
    ],
    "magnitude": 0.5773502588272095,
    "position": [
      -49.215267181396484,
      147.62551879882812,
      110.33845520019531
    ]
  },
  "paths": [],
  "ortho": false,
  "radius": 90,
  "visualHints": 0
}