{
  "eye": {
    "orientation": [
      -0.02279573865234852,
      0.6033086180686951,
      -0.797008752822876,
      0.016615336760878563
    ],
    "magnitude": 0.5773502588272095,
    "position": [
      10.485248565673828,
      -173.12567138671875,
      48.14011764526367
    ]
  },
  "paths": [],
  "ortho": false,
  "radius": 90,
  "visualHints": 0
}