{
  "eye": {
    "orientation": [
      0.11452815681695938,
      -0.41010257601737976,
      0.2740132808685303,
      -0.8623316884040833
    ],
    "magnitude": 0.5773502588272095,
    "position": [
      138.99615478515625,
      -5.562236785888672,
      114.23202514648438
    ]
  },
  "paths": [],
  "ortho": false,
  "radius": 90,
  "visualHints": 1
}