{
  "eye": {
    "orientation": [
      -0.4346880316734314,
      0.614206075668335,
      0.6479677557945251,
      0.11804670840501785
    ],
    "magnitude": 0.5773502588272095,
    "position": [
      -46.680335998535156,
      100.9669189453125,
      -13.255607604980469
    ]
  },
  "paths": [],
  "ortho": false,
  "radius": 90,
  "visualHints": 1
}